ら戳,程蔼鸱,程C鸱
2018/1/1,31J,21J
2018/1/2,32J,23J
2018/1/3,33J,24J
2018/1/4,34J,24J
2018/1/5,34J,26J
2018/1/6,32J,26J
2018/1/7,32J,26J
2018/1/8,32J,25J
2018/1/9,32J,25J
2018/1/10,30J,20J
2018/1/11,27J,19J
2018/1/12,27J,16J
2018/1/13,27J,17J
2018/1/14,29J,18J
2018/1/15,30J,20J
2018/1/16,32J,20J
2018/1/17,33J,22J
2018/1/18,34J,22J
2018/1/19,35J,24J
2018/1/20,33J,23J
2018/1/21,33J,23J
2018/1/22,34J,25J
2018/1/23,34J,25J
2018/1/24,33J,25J
2018/1/25,33J,25J
2018/1/26,32J,25J
2018/1/27,32J,24J
2018/1/28,33J,24J
2018/1/29,33J,25J
2018/1/30,32J,23J
2018/1/31,32J,23J
2018/2/1,28J,20J
2018/2/2,30J,21J
2018/2/3,29J,18J
2018/2/4,30J,18J
2018/2/5,31J,19J
2018/2/6,30J,19J
2018/2/7,32J,20J
2018/2/8,32J,23J
2018/2/9,31J,24J
2018/2/10,32J,24J
2018/2/11,33J,25J
2018/2/12,34J,22J
2018/2/13,32J,21J
2018/2/14,34J,22J
2018/2/15,34J,23J
2018/2/16,35J,25J
2018/2/17,34J,25J
2018/2/18,33J,25J
2018/2/19,32J,26J
2018/2/20,32J,26J
2018/2/21,32J,26J
2018/2/22,32J,24J
2018/2/23,30J,25J
2018/2/24,32J,24J
2018/2/25,34J,25J
2018/2/26,33J,24J
2018/2/27,32J,24J
2018/2/28,34J,24J
2018/3/1,34J,25J
2018/3/2,34J,25J
2018/3/3,34J,25J
2018/3/4,34J,25J
2018/3/5,34J,26J
2018/3/6,34J,26J
2018/3/7,33J,26J
2018/3/8,33J,24J
2018/3/9,30J,21J
2018/3/10,30J,21J
2018/3/11,33J,25J
2018/3/12,33J,25J
2018/3/13,33J,25J
2018/3/14,32J,24J
2018/3/15,32J,25J
2018/3/16,33J,25J
2018/3/17,34J,25J
2018/3/18,34J,25J
2018/3/19,34J,26J
2018/3/20,34J,26J
2018/3/21,33J,24J
2018/3/22,32J,24J
2018/3/23,32J,24J
2018/3/24,34J,25J
2018/3/25,34J,26J
2018/3/26,34J,25J
2018/3/27,33J,25J
2018/3/28,33J,27J
2018/3/29,32J,26J
2018/3/30,34J,26J
2018/3/31,34J,26J
2018/4/1,32J,25J
2018/4/2,32J,26J
2018/4/3,33J,27J
2018/4/4,33J,27J
2018/4/5,33J,27J
2018/4/6,34J,25J
2018/4/7,26J,20J
2018/4/8,30J,22J
2018/4/9,34J,24J
2018/4/10,36J,26J
2018/4/11,35J,27J
2018/4/12,35J,27J
2018/4/13,36J,28J
2018/4/14,36J,28J
2018/4/15,36J,28J
2018/4/16,35J,27J
2018/4/17,33J,26J
2018/4/18,33J,26J
2018/4/19,35J,26J
2018/4/20,34J,27J
2018/4/21,35J,27J
2018/4/22,35J,28J
2018/4/23,36J,28J
2018/4/24,36J,28J
2018/4/25,36J,28J
2018/4/26,34J,27J
2018/4/27,34J,25J
2018/4/28,29J,25J
2018/4/29,31J,25J
2018/4/30,31J,25J
2018/5/1,32J,26J
2018/5/2,32J,25J
2018/5/3,34J,25J
2018/5/4,33J,26J
2018/5/5,33J,26J
2018/5/6,34J,26J
2018/5/7,34J,26J
2018/5/8,35J,26J
2018/5/9,35J,26J
2018/5/10,34J,26J
2018/5/11,32J,26J
2018/5/12,33J,26J
2018/5/13,33J,25J
2018/5/14,34J,26J
2018/5/15,34J,27J
2018/5/16,34J,27J
2018/5/17,34J,27J
2018/5/18,34J,26J
2018/5/19,34J,26J
2018/5/20,35J,26J
2018/5/21,34J,26J
2018/5/22,33J,26J
2018/5/23,32J,26J
2018/5/24,33J,27J
2018/5/25,33J,26J
2018/5/26,33J,26J
2018/5/27,33J,26J
2018/5/28,33J,26J
2018/5/29,33J,26J
2018/5/30,33J,26J
2018/5/31,33J,26J
2018/6/1,33J,25J
2018/6/2,34J,25J
2018/6/3,34J,25J
2018/6/4,34J,26J
2018/6/5,33J,25J
2018/6/6,33J,27J
2018/6/7,29J,26J
2018/6/8,30J,26J
2018/6/9,30J,26J
2018/6/10,31J,26J
2018/6/11,32J,28J
2018/6/12,33J,27J
2018/6/13,34J,26J
2018/6/14,33J,26J
2018/6/15,33J,27J
2018/6/16,32J,26J
2018/6/17,31J,27J
2018/6/18,33J,27J
2018/6/19,32J,27J
2018/6/20,32J,27J
2018/6/21,34J,27J
2018/6/22,35J,27J
2018/6/23,36J,27J
2018/6/24,34J,27J
2018/6/25,34J,26J
2018/6/26,33J,26J
2018/6/27,31J,26J
2018/6/28,32J,27J
2018/6/29,34J,26J
2018/6/30,35J,26J
2018/7/1,36J,27J
2018/7/2,35J,27J
2018/7/3,35J,27J
2018/7/4,34J,27J
2018/7/5,33J,28J
2018/7/6,33J,27J
2018/7/7,33J,27J
2018/7/8,34J,26J
2018/7/9,33J,26J
2018/7/10,33J,27J
2018/7/11,31J,27J
2018/7/12,31J,27J
2018/7/13,30J,26J
2018/7/14,31J,27J
2018/7/15,31J,26J
2018/7/16,31J,26J
2018/7/17,32J,27J
2018/7/18,30J,28J
2018/7/19,32J,27J
2018/7/20,33J,27J
2018/7/21,33J,27J
2018/7/22,33J,27J
2018/7/23,33J,27J
2018/7/24,34J,27J
2018/7/25,34J,27J
2018/7/26,36J,27J
2018/7/27,36J,27J
2018/7/28,33J,26J
2018/7/29,33J,26J
2018/7/30,31J,26J
2018/7/31,31J,26J
2018/8/1,32J,26J
2018/8/2,32J,25J
2018/8/3,32J,26J
2018/8/4,32J,26J
2018/8/5,31J,26J
2018/8/6,32J,26J
2018/8/7,32J,26J
2018/8/8,31J,26J
2018/8/9,32J,26J
2018/8/10,32J,26J
2018/8/11,32J,26J
2018/8/12,31J,27J
2018/8/13,32J,27J
2018/8/14,32J,26J
2018/8/15,31J,26J
2018/8/16,32J,27J
2018/8/17,32J,27J
2018/8/18,33J,27J
2018/8/19,31J,27J
2018/8/20,32J,27J
2018/8/21,34J,27J
2018/8/22,34J,26J
2018/8/23,34J,26J
2018/8/24,33J,26J
2018/8/25,32J,26J
2018/8/26,30J,26J
2018/8/27,31J,26J
2018/8/28,31J,26J
2018/8/29,30J,26J
2018/8/30,32J,26J
2018/8/31,32J,25J
2018/9/1,33J,25J
2018/9/2,34J,25J
2018/9/3,32J,26J
2018/9/4,30J,25J
2018/9/5,31J,24J
2018/9/6,34J,24J
2018/9/7,35J,24J
2018/9/8,32J,25J
2018/9/9,31J,25J
2018/9/10,32J,25J
2018/9/11,34J,24J
2018/9/12,34J,25J
2018/9/13,34J,24J
2018/9/14,30J,25J
2018/9/15,31J,25J
2018/9/16,32J,25J
2018/9/17,33J,25J
2018/9/18,32J,24J
2018/9/19,30J,25J
2018/9/20,34J,24J
2018/9/21,33J,24J
2018/9/22,33J,25J
2018/9/23,31J,25J
2018/9/24,32J,25J
2018/9/25,33J,24J
2018/9/26,33J,24J
2018/9/27,34J,26J
2018/9/28,35J,26J
2018/9/29,33J,25J
2018/9/30,31J,25J
2018/10/1,32J,26J
2018/10/2,32J,25J
2018/10/3,33J,24J
2018/10/4,34J,25J
2018/10/5,31J,25J
2018/10/6,31J,25J
2018/10/7,32J,24J
2018/10/8,33J,25J
2018/10/9,34J,26J
2018/10/10,34J,25J
2018/10/11,32J,25J
2018/10/12,33J,25J
2018/10/13,33J,26J
2018/10/14,34J,26J
2018/10/15,33J,26J
2018/10/16,33J,26J
2018/10/17,34J,26J
2018/10/18,35J,27J
2018/10/19,33J,26J
2018/10/20,34J,26J
2018/10/21,32J,26J
2018/10/22,33J,26J
2018/10/23,33J,25J
2018/10/24,33J,26J
2018/10/25,33J,26J
2018/10/26,34J,26J
2018/10/27,34J,26J
2018/10/28,34J,26J
2018/10/29,34J,25J
2018/10/30,34J,23J
2018/10/31,32J,21J
2018/11/1,32J,19J
2018/11/2,32J,21J
2018/11/3,34J,22J
2018/11/4,34J,23J
2018/11/5,36J,24J
2018/11/6,35J,26J
2018/11/7,35J,26J
2018/11/8,33J,27J
2018/11/9,30J,26J
2018/11/10,31J,25J
2018/11/11,33J,25J
2018/11/12,34J,25J
2018/11/13,34J,26J
2018/11/14,34J,26J
2018/11/15,34J,26J
2018/11/16,34J,26J
2018/11/17,34J,26J
2018/11/18,34J,26J
2018/11/19,34J,26J
2018/11/20,34J,26J
2018/11/21,36J,29J
2018/11/22,34J,29J
2018/11/23,33J,28J
2018/11/24,33J,27J
2018/11/25,34J,26J
2018/11/26,33J,25J
2018/11/27,31J,26J
2018/11/28,31J,25J
2018/11/29,33J,24J
2018/11/30,33J,26J
2018/12/1,33J,26J
2018/12/2,34J,27J
2018/12/3,35J,27J
2018/12/4,35J,28J
2018/12/5,35J,28J
2018/12/6,35J,29J
2018/12/7,33J,28J
2018/12/8,31J,27J
2018/12/9,33J,25J
2018/12/10,32J,26J
2018/12/11,32J,26J
2018/12/12,33J,27J
2018/12/13,32J,25J
2018/12/14,32J,25J
2018/12/15,33J,24J
2018/12/16,34J,26J
2018/12/17,33J,26J
2018/12/18,33J,26J
2018/12/19,34J,26J
2018/12/20,35J,27J
2018/12/21,36J,28J
2018/12/22,35J,29J
2018/12/23,35J,28J
2018/12/24,35J,28J
2018/12/25,34J,26J
2018/12/26,34J,26J
2018/12/27,34J,26J
2018/12/28,34J,26J
2018/12/29,33J,27J
2018/12/30,30J,26J
2018/12/31,31J,25J
